{
  "project_info": {
    "project_number": "743778844954",
    "firebase_url": "https://employee-ba287.firebaseio.com",
    "project_id": "employee-ba287",
    "storage_bucket": "employee-ba287.appspot.com"
  },
  "client": [
    {
      "client_info": {
        "mobilesdk_app_id": "1:743778844954:android:97c7d878084f1f68e4eca3",
        "android_client_info": {
          "package_name": "com.vijaya.firebase"
        }
      },
      "oauth_client": [
        {
          "client_id": "743778844954-ofod54e6hutpe0issfk8ll0p1hi1pc72.apps.googleusercontent.com",
          "client_type": 3
        }
      ],
      "api_key": [
        {
          "current_key": "AIzaSyDHwQGKVjYZ03wnWlGFAeEhI2XGjUYPDJQ"
        }
      ],
      "services": {
        "appinvite_service": {
          "other_platform_oauth_client": [
            {
              "client_id": "743778844954-ofod54e6hutpe0issfk8ll0p1hi1pc72.apps.googleusercontent.com",
              "client_type": 3
            }
          ]
        }
      }
    }
  ],
  "configuration_version": "1"
}